<?xml version="1.0" encoding="UTF-8"?>
<project-private xmlns="http://www.netbeans.org/ns/project-private/1">
    <editor-bookmarks xmlns="http://www.netbeans.org/ns/editor-bookmarks/2" lastBookmarkId="0"/>
    <open-files xmlns="http://www.netbeans.org/ns/projectui-open-files/2">
        <group>
            <file>file:/C:/Users/VuDino/OneDrive/Documents/GitHub/PRJ301_G5/SmartShop/src/java/com/smartshop/servlet/AdminController.java</file>
            <file>file:/C:/Users/VuDino/OneDrive/Documents/GitHub/PRJ301_G5/SmartShop/src/java/com/smartshop/servlet/admin/OrderAdminServlet.java</file>
            <file>file:/C:/Users/VuDino/OneDrive/Documents/GitHub/PRJ301_G5/SmartShop/src/java/com/smartshop/servlet/CartController.java</file>
            <file>file:/C:/Users/VuDino/OneDrive/Documents/GitHub/PRJ301_G5/SmartShop/web/WEB-INF/views/_includes/header.jspf</file>
            <file>file:/C:/Users/VuDino/OneDrive/Documents/GitHub/PRJ301_G5/SmartShop/src/java/com/smartshop/servlet/admin/UserAdminServlet.java</file>
            <file>file:/C:/Users/VuDino/OneDrive/Documents/GitHub/PRJ301_G5/SmartShop/src/java/com/smartshop/servlet/admin/ProductAdminServlet.java</file>
            <file>file:/C:/Users/VuDino/OneDrive/Documents/GitHub/PRJ301_G5/SmartShop/src/java/com/smartshop/servlet/admin/StatsServlet.java</file>
            <file>file:/C:/Users/VuDino/OneDrive/Documents/GitHub/PRJ301_G5/SmartShop/web/WEB-INF/views/header.jspf</file>
            <file>file:/C:/Users/VuDino/OneDrive/Documents/GitHub/PRJ301_G5/SmartShop/web/WEB-INF/views/cart/view.jsp</file>
            <file>file:/C:/Users/VuDino/OneDrive/Documents/GitHub/PRJ301_G5/SmartShop/web/WEB-INF/web.xml</file>
        </group>
    </open-files>
</project-private>
