<?xml version="1.0" encoding="UTF-8"?>
<project-private xmlns="http://www.netbeans.org/ns/project-private/1">
    <editor-bookmarks xmlns="http://www.netbeans.org/ns/editor-bookmarks/2" lastBookmarkId="0"/>
    <open-files xmlns="http://www.netbeans.org/ns/projectui-open-files/2">
        <group>
            <file>file:/C:/Users/VuDino/OneDrive/Documents/GitHub/PRJ301_G5/SmartShop/web/WEB-INF/views/profile.jsp</file>
            <file>file:/C:/Users/VuDino/OneDrive/Documents/GitHub/PRJ301_G5/SmartShop/web/WEB-INF/views/home.jsp</file>
            <file>file:/C:/Users/VuDino/OneDrive/Documents/GitHub/PRJ301_G5/SmartShop/web/WEB-INF/views/register.jsp</file>
            <file>file:/C:/Users/VuDino/OneDrive/Documents/GitHub/PRJ301_G5/SmartShop/web/WEB-INF/views/login.jsp</file>
            <file>file:/C:/Users/VuDino/OneDrive/Documents/GitHub/PRJ301_G5/SmartShop/web/WEB-INF/views/header.jspf</file>
            <file>file:/C:/Users/VuDino/OneDrive/Documents/GitHub/PRJ301_G5/SmartShop/web/WEB-INF/views/reset.jsp</file>
        </group>
    </open-files>
</project-private>
